{
  "mean": [
    33.93475,
    1.73225,
    0.2776666666666667,
    0.5085833333333334,
    0.014666666666666666,
    0.73225,
    0.12741666666666668,
    0.7371666666666666,
    0.5105833333333333,
    0.1983484986188511,
    18.316,
    1.25725
  ],
  "std": [
    10.948340472608884,
    0.5994941791487829,
    0.44784806451397735,
    1.3962185811644299,
    0.12021462288573408,
    0.5994941791487829,
    0.3334391394576344,
    0.44017266182968934,
    0.49988798050719346,
    0.03618836466249039,
    6.348961384877663,
    0.9968646368322569
  ]
}